<?xml version="1.0" encoding="utf-8" standalone="yes" ?>
<rss version="2.0" xmlns:atom="http://www.w3.org/2005/Atom">
  <channel>
    <title>Code on R-para Microbios</title>
    <link>/tags/code/</link>
    <description>Recent content in Code on R-para Microbios</description>
    <generator>Hugo -- gohugo.io</generator>
    <managingEditor>neftalyl@microbiostats.com (Carlos Neftaly)</managingEditor>
    <webMaster>neftalyl@microbiostats.com (Carlos Neftaly)</webMaster>
    <lastBuildDate>Tue, 08 Mar 2016 00:00:00 +0000</lastBuildDate>
    
	<atom:link href="/tags/code/index.xml" rel="self" type="application/rss+xml" />
    
    
    <item>
      <title>Code Sample</title>
      <link>/post/2016-03-08-code-sample/</link>
      <pubDate>Tue, 08 Mar 2016 00:00:00 +0000</pubDate>
      <author>neftalyl@microbiostats.com (Carlos Neftaly)</author>
      <guid>/post/2016-03-08-code-sample/</guid>
      <description>&lt;p&gt;The following are two code samples using syntax highlighting.&lt;/p&gt;

&lt;p&gt;&lt;/p&gt;</description>
    </item>
    
  </channel>
</rss>