<?xml version="1.0" encoding="utf-8" standalone="yes" ?>
<rss version="2.0" xmlns:atom="http://www.w3.org/2005/Atom">
  <channel>
    <title>Tags on R-para Microbios</title>
    <link>/tags/</link>
    <description>Recent content in Tags on R-para Microbios</description>
    <generator>Hugo -- gohugo.io</generator>
    <managingEditor>neftalyl@microbiostats.com (Carlos Neftaly)</managingEditor>
    <webMaster>neftalyl@microbiostats.com (Carlos Neftaly)</webMaster>
    <lastBuildDate>Fri, 09 Feb 2018 00:00:00 +0000</lastBuildDate>
    
	<atom:link href="/tags/index.xml" rel="self" type="application/rss+xml" />
    
    
    <item>
      <title>Audpc</title>
      <link>/tags/audpc/</link>
      <pubDate>Fri, 09 Feb 2018 00:00:00 +0000</pubDate>
      <author>neftalyl@microbiostats.com (Carlos Neftaly)</author>
      <guid>/tags/audpc/</guid>
      <description></description>
    </item>
    
    <item>
      <title>Diapositivas</title>
      <link>/tags/diapositivas/</link>
      <pubDate>Tue, 22 Aug 2017 00:00:00 +0000</pubDate>
      <author>neftalyl@microbiostats.com (Carlos Neftaly)</author>
      <guid>/tags/diapositivas/</guid>
      <description></description>
    </item>
    
    <item>
      <title>Filosofía</title>
      <link>/tags/filosof%C3%ADa/</link>
      <pubDate>Wed, 23 Aug 2017 00:00:00 +0000</pubDate>
      <author>neftalyl@microbiostats.com (Carlos Neftaly)</author>
      <guid>/tags/filosof%C3%ADa/</guid>
      <description></description>
    </item>
    
    <item>
      <title>Fitopatologia</title>
      <link>/tags/fitopatologia/</link>
      <pubDate>Fri, 09 Feb 2018 00:00:00 +0000</pubDate>
      <author>neftalyl@microbiostats.com (Carlos Neftaly)</author>
      <guid>/tags/fitopatologia/</guid>
      <description></description>
    </item>
    
    <item>
      <title>Inferencia</title>
      <link>/tags/inferencia/</link>
      <pubDate>Wed, 23 Aug 2017 00:00:00 +0000</pubDate>
      <author>neftalyl@microbiostats.com (Carlos Neftaly)</author>
      <guid>/tags/inferencia/</guid>
      <description></description>
    </item>
    
    <item>
      <title>R</title>
      <link>/tags/r/</link>
      <pubDate>Fri, 09 Feb 2018 00:00:00 +0000</pubDate>
      <author>neftalyl@microbiostats.com (Carlos Neftaly)</author>
      <guid>/tags/r/</guid>
      <description></description>
    </item>
    
    <item>
      <title>Rmarkdown</title>
      <link>/tags/rmarkdown/</link>
      <pubDate>Tue, 22 Aug 2017 00:00:00 +0000</pubDate>
      <author>neftalyl@microbiostats.com (Carlos Neftaly)</author>
      <guid>/tags/rmarkdown/</guid>
      <description></description>
    </item>
    
    <item>
      <title>Severidad</title>
      <link>/tags/severidad/</link>
      <pubDate>Fri, 09 Feb 2018 00:00:00 +0000</pubDate>
      <author>neftalyl@microbiostats.com (Carlos Neftaly)</author>
      <guid>/tags/severidad/</guid>
      <description></description>
    </item>
    
    <item>
      <title>Slides</title>
      <link>/tags/slides/</link>
      <pubDate>Tue, 22 Aug 2017 00:00:00 +0000</pubDate>
      <author>neftalyl@microbiostats.com (Carlos Neftaly)</author>
      <guid>/tags/slides/</guid>
      <description></description>
    </item>
    
    <item>
      <title>Valor P</title>
      <link>/tags/valor-p/</link>
      <pubDate>Wed, 23 Aug 2017 00:00:00 +0000</pubDate>
      <author>neftalyl@microbiostats.com (Carlos Neftaly)</author>
      <guid>/tags/valor-p/</guid>
      <description></description>
    </item>
    
  </channel>
</rss>