<?xml version="1.0" encoding="utf-8" standalone="yes" ?>
<rss version="2.0" xmlns:atom="http://www.w3.org/2005/Atom">
  <channel>
    <title>Gráficos on R-para Microbios</title>
    <link>/tags/gr%C3%A1ficos/</link>
    <description>Recent content in Gráficos on R-para Microbios</description>
    <generator>Hugo -- gohugo.io</generator>
    <managingEditor>neftalyl@microbiostats.com (Carlos Neftaly)</managingEditor>
    <webMaster>neftalyl@microbiostats.com (Carlos Neftaly)</webMaster>
    <lastBuildDate>Fri, 27 Oct 2017 00:00:00 +0000</lastBuildDate>
    
	<atom:link href="/tags/gr%C3%A1ficos/index.xml" rel="self" type="application/rss+xml" />
    
    
    <item>
      <title>Visualización gráfica con ggplot2</title>
      <link>/post/boxplot-en-ggplot2/</link>
      <pubDate>Fri, 27 Oct 2017 00:00:00 +0000</pubDate>
      <author>neftalyl@microbiostats.com (Carlos Neftaly)</author>
      <guid>/post/boxplot-en-ggplot2/</guid>
      <description>ggplot2 es uno de los paquetes de R más flexible y poderosos para producir gráficos de alta calidad. Éste sistema de visualización, implementado por Hadley Wickham e inspirado en e libro de the grammar of graphics, se basa en dividir un gráfico en diferentes capas, las cuales permite un control total de todos los elementos que lo componen.
Cada gráfico hecho en ggplot2 puede estar definido de la siguente manera:</description>
    </item>
    
  </channel>
</rss>