<?xml version="1.0" encoding="utf-8" standalone="yes" ?>
<rss version="2.0" xmlns:atom="http://www.w3.org/2005/Atom">
  <channel>
    <title>R-para Microbios</title>
    <link>/</link>
    <description>Recent content on R-para Microbios</description>
    <generator>Hugo -- gohugo.io</generator>
    <managingEditor>neftalyl@microbiostats.com (Carlos Neftaly)</managingEditor>
    <webMaster>neftalyl@microbiostats.com (Carlos Neftaly)</webMaster>
    <lastBuildDate>Fri, 09 Feb 2018 00:00:00 +0000</lastBuildDate>
    
	<atom:link href="/index.xml" rel="self" type="application/rss+xml" />
    
    
    <item>
      <title>Estimación del área bajo la curva del progreso de enfermedad AUDPC</title>
      <link>/post/estimacion-audpc/</link>
      <pubDate>Fri, 09 Feb 2018 00:00:00 +0000</pubDate>
      <author>neftalyl@microbiostats.com (Carlos Neftaly)</author>
      <guid>/post/estimacion-audpc/</guid>
      <description>El área bajo la curva del progreso de enfermedad es una medida cuantitava de la intensidad de la enferemedad en el tiempo. Esta es usada en fitopatología para comparar la resistencia a la enfermedad entre cultivares, sitios, estrategias de manejos, entre otras. Su estimación se basa en el método trapezoidal y el uso de la ecuación propuesta en Jeger and Viljanen-Rollinson (2001) para calcular el valor:
\[ A_k=\sum_{i=1}^{N_i-1}\frac{y_i+y_{i+1}}{2}(t_{i+1}-t_i) \]
Siendo \(Y\) la severidad en un punto en \(t\) dado.</description>
    </item>
    
    <item>
      <title>Interpretando correctamente Valores P</title>
      <link>/post/interpretando-correctamente-valores-p/</link>
      <pubDate>Wed, 23 Aug 2017 00:00:00 +0000</pubDate>
      <author>neftalyl@microbiostats.com (Carlos Neftaly)</author>
      <guid>/post/interpretando-correctamente-valores-p/</guid>
      <description>El uso del valor P es ampliamente extendido en la ciencia. Investigadores los usan en todas partes, encontrándose valores P en pruebas t, ANOVAs, análisis de regresión , entre otras. Éste permite inferir si los resultados de una prueba de hipótesis son estadísticamente significativos. Esta probabilidad, altamente controversial, se ha vuelto tan importante en la ciencia moderna que ha tomado vida propia, determinando desde qué estudios se publican en revistas especializadas hasta que proyectos reciben financiación.</description>
    </item>
    
    <item>
      <title>Diapositivas de apoyo</title>
      <link>/page/diapo/</link>
      <pubDate>Tue, 22 Aug 2017 00:00:00 +0000</pubDate>
      <author>neftalyl@microbiostats.com (Carlos Neftaly)</author>
      <guid>/page/diapo/</guid>
      <description>Presentación del curso
 Estadística descriptiva
 Introducción al Diseño de Experimentos descriptiva
 Inferencia estadística y Pruebas t
 Análisis de varianza (ANOVA)</description>
    </item>
    
    <item>
      <title></title>
      <link>/page/diapo/</link>
      <pubDate>Mon, 01 Jan 0001 00:00:00 +0000</pubDate>
      <author>neftalyl@microbiostats.com (Carlos Neftaly)</author>
      <guid>/page/diapo/</guid>
      <description>Diapositivas de apoyocode{white-space: pre;}pre:not([class]) {background-color: white;}if (window.hljs &amp;&amp; document.readyState &amp;&amp; document.readyState === &#34;complete&#34;) {window.setTimeout(function() {hljs.initHighlighting();}, 0);}h1 {font-size: 34px;}h1.title {font-size: 38px;}h2 {font-size: 30px;}h3 {font-size: 24px;}h4 {font-size: 18px;}h5 {font-size: 16px;}h6 {font-size: 12px;}.table th:not([align]) {text-align: left;}.</description>
    </item>
    
    <item>
      <title></title>
      <link>/post/2017-08-26-boxplot-en-ggplot2/</link>
      <pubDate>Mon, 01 Jan 0001 00:00:00 +0000</pubDate>
      <author>neftalyl@microbiostats.com (Carlos Neftaly)</author>
      <guid>/post/2017-08-26-boxplot-en-ggplot2/</guid>
      <description></description>
    </item>
    
    <item>
      <title>About me</title>
      <link>/page/about/</link>
      <pubDate>Mon, 01 Jan 0001 00:00:00 +0000</pubDate>
      <author>neftalyl@microbiostats.com (Carlos Neftaly)</author>
      <guid>/page/about/</guid>
      <description>Soy microbiólogo industrial y ambiental con un máster en Biología en la Universidad de Antioquia, Medellín, Colombia. La mayoría de mi vida académica la he desarrollado en el grupo de Bacteriología Agrícola y Ambiental, enfocado la interacción planta-microorganismo, específicamente en bacterias del género Bacillus. Al par, de manera autodidacta y con algunos cursos formales, he desarrollado mi pasión por el análisis de datos y diseño de experimentos.
Adicionalmente, me he desempeñado como profesor de curso como Diseño de Experimentos para Microbiólogos, Fisiología y Ecología Microbiana, en la Escuela de Microbiología de la Universidad de Antioquia.</description>
    </item>
    
  </channel>
</rss>