<?xml version="1.0" encoding="utf-8" standalone="yes" ?>
<rss version="2.0" xmlns:atom="http://www.w3.org/2005/Atom">
  <channel>
    <title>Bigimg on R-para Microbios</title>
    <link>/tags/bigimg/</link>
    <description>Recent content in Bigimg on R-para Microbios</description>
    <generator>Hugo -- gohugo.io</generator>
    <managingEditor>neftalyl@microbiostats.com (Carlos Neftaly)</managingEditor>
    <webMaster>neftalyl@microbiostats.com (Carlos Neftaly)</webMaster>
    <lastBuildDate>Tue, 07 Mar 2017 00:00:00 +0000</lastBuildDate>
    
	<atom:link href="/tags/bigimg/index.xml" rel="self" type="application/rss+xml" />
    
    
    <item>
      <title>Big Image Sample</title>
      <link>/post/2017-03-07-bigimg-sample/</link>
      <pubDate>Tue, 07 Mar 2017 00:00:00 +0000</pubDate>
      <author>neftalyl@microbiostats.com (Carlos Neftaly)</author>
      <guid>/post/2017-03-07-bigimg-sample/</guid>
      <description>&lt;p&gt;The image banners at the top of the page are refered to as &amp;ldquo;bigimg&amp;rdquo; in this theme. They are optional, and one more more can be specified. If more than one is specified, the images rotate every 10 seconds. In the front matter, bigimgs are specified using an array of hashes.&lt;/p&gt;

&lt;p&gt;&lt;/p&gt;</description>
    </item>
    
  </channel>
</rss>