<?xml version="1.0" encoding="utf-8" standalone="yes" ?>
<rss version="2.0" xmlns:atom="http://www.w3.org/2005/Atom">
  <channel>
    <title>Severidad on R-para Microbios</title>
    <link>/tags/severidad/</link>
    <description>Recent content in Severidad on R-para Microbios</description>
    <generator>Hugo -- gohugo.io</generator>
    <managingEditor>neftalyl@microbiostats.com (Carlos Neftaly)</managingEditor>
    <webMaster>neftalyl@microbiostats.com (Carlos Neftaly)</webMaster>
    <lastBuildDate>Fri, 09 Feb 2018 00:00:00 +0000</lastBuildDate>
    
	<atom:link href="/tags/severidad/index.xml" rel="self" type="application/rss+xml" />
    
    
    <item>
      <title>Estimación del área bajo la curva del progreso de enfermedad AUDPC</title>
      <link>/post/estimacion-audpc/</link>
      <pubDate>Fri, 09 Feb 2018 00:00:00 +0000</pubDate>
      <author>neftalyl@microbiostats.com (Carlos Neftaly)</author>
      <guid>/post/estimacion-audpc/</guid>
      <description>El área bajo la curva del progreso de enfermedad es una medida cuantitava de la intensidad de la enferemedad en el tiempo. Esta es usada en fitopatología para comparar la resistencia a la enfermedad entre cultivares, sitios, estrategias de manejos, entre otras. Su estimación se basa en el método trapezoidal y el uso de la ecuación propuesta en Jeger and Viljanen-Rollinson (2001) para calcular el valor:
\[ A_k=\sum_{i=1}^{N_i-1}\frac{y_i+y_{i+1}}{2}(t_{i+1}-t_i) \]
Siendo \(Y\) la severidad en un punto en \(t\) dado.</description>
    </item>
    
  </channel>
</rss>