<?xml version="1.0" encoding="utf-8" standalone="yes" ?>
<rss version="2.0" xmlns:atom="http://www.w3.org/2005/Atom">
  <channel>
    <title>Categories on R-para Microbios</title>
    <link>/categories/</link>
    <description>Recent content in Categories on R-para Microbios</description>
    <generator>Hugo -- gohugo.io</generator>
    <managingEditor>neftalyl@microbiostats.com (Carlos Neftaly)</managingEditor>
    <webMaster>neftalyl@microbiostats.com (Carlos Neftaly)</webMaster>
    
	<atom:link href="/categories/index.xml" rel="self" type="application/rss+xml" />
    
    
    <item>
      <title>Epidemiologia</title>
      <link>/categories/epidemiologia/</link>
      <pubDate>Fri, 09 Feb 2018 00:00:00 +0000</pubDate>
      <author>neftalyl@microbiostats.com (Carlos Neftaly)</author>
      <guid>/categories/epidemiologia/</guid>
      <description></description>
    </item>
    
    <item>
      <title>Estadistica</title>
      <link>/categories/estadistica/</link>
      <pubDate>Fri, 09 Feb 2018 00:00:00 +0000</pubDate>
      <author>neftalyl@microbiostats.com (Carlos Neftaly)</author>
      <guid>/categories/estadistica/</guid>
      <description></description>
    </item>
    
    <item>
      <title>Estadística</title>
      <link>/categories/estad%C3%ADstica/</link>
      <pubDate>Wed, 23 Aug 2017 00:00:00 +0000</pubDate>
      <author>neftalyl@microbiostats.com (Carlos Neftaly)</author>
      <guid>/categories/estad%C3%ADstica/</guid>
      <description></description>
    </item>
    
    <item>
      <title>Fitopatologia</title>
      <link>/categories/fitopatologia/</link>
      <pubDate>Fri, 09 Feb 2018 00:00:00 +0000</pubDate>
      <author>neftalyl@microbiostats.com (Carlos Neftaly)</author>
      <guid>/categories/fitopatologia/</guid>
      <description></description>
    </item>
    
    <item>
      <title>R</title>
      <link>/categories/r/</link>
      <pubDate>Fri, 09 Feb 2018 00:00:00 +0000</pubDate>
      <author>neftalyl@microbiostats.com (Carlos Neftaly)</author>
      <guid>/categories/r/</guid>
      <description></description>
    </item>
    
  </channel>
</rss>