<?xml version="1.0" encoding="utf-8" standalone="yes" ?>
<rss version="2.0" xmlns:atom="http://www.w3.org/2005/Atom">
  <channel>
    <title>Example on R-para Microbios</title>
    <link>/tags/example/</link>
    <description>Recent content in Example on R-para Microbios</description>
    <generator>Hugo -- gohugo.io</generator>
    <managingEditor>neftalyl@microbiostats.com (Carlos Neftaly)</managingEditor>
    <webMaster>neftalyl@microbiostats.com (Carlos Neftaly)</webMaster>
    <lastBuildDate>Mon, 20 Mar 2017 00:00:00 +0000</lastBuildDate>
    
	<atom:link href="/tags/example/index.xml" rel="self" type="application/rss+xml" />
    
    
    <item>
      <title>Photoswipe Gallery Sample</title>
      <link>/post/2017-03-20-photoswipe-gallery-sample/</link>
      <pubDate>Mon, 20 Mar 2017 00:00:00 +0000</pubDate>
      <author>neftalyl@microbiostats.com (Carlos Neftaly)</author>
      <guid>/post/2017-03-20-photoswipe-gallery-sample/</guid>
      <description>&lt;p&gt;Beautiful Hugo adds a few custom shortcodes created by &lt;a href=&#34;https://www.liwen.id.au/heg/&#34;&gt;Li-Wen Yip&lt;/a&gt; and &lt;a href=&#34;https://github.com/GjjvdBurg/HugoPhotoSwipe&#34;&gt;Gert-Jan van den Berg&lt;/a&gt; for making galleries with &lt;a href=&#34;http://photoswipe.com&#34;&gt;PhotoSwipe&lt;/a&gt; .&lt;/p&gt;



&lt;div class=&#34;gallery caption-position-bottom caption-effect-fade hover-effect-zoom hover-transition&#34; itemscope itemtype=&#34;http://schema.org/ImageGallery&#34;&gt;
	  
  
&lt;link rel=&#34;stylesheet&#34; href=&#34;/css/hugo-easy-gallery.css&#34; /&gt;
&lt;div class=&#34;box&#34; &gt;
  &lt;figure  itemprop=&#34;associatedMedia&#34; itemscope itemtype=&#34;http://schema.org/ImageObject&#34;&gt;
    &lt;div class=&#34;img&#34; style=&#34;background-image: url(&#39;/img/hexagon-thumb.jpg&#39;);&#34;&gt;
      &lt;img itemprop=&#34;thumbnail&#34; src=&#34;/img/hexagon-thumb.jpg&#34; /&gt;
    &lt;/div&gt;
    &lt;a href=&#34;/img/hexagon.jpg&#34; itemprop=&#34;contentUrl&#34;&gt;&lt;/a&gt;
  &lt;/figure&gt;
&lt;/div&gt;
  

&lt;div class=&#34;box&#34; &gt;
  &lt;figure  itemprop=&#34;associatedMedia&#34; itemscope itemtype=&#34;http://schema.org/ImageObject&#34;&gt;
    &lt;div class=&#34;img&#34; style=&#34;background-image: url(&#39;/img/sphere-thumb.jpg&#39;);&#34;&gt;
      &lt;img itemprop=&#34;thumbnail&#34; src=&#34;/img/sphere-thumb.jpg&#34; alt=&#34;Sphere&#34;/&gt;
    &lt;/div&gt;
      &lt;figcaption&gt;
          &lt;p&gt;Sphere&lt;/p&gt;
      &lt;/figcaption&gt;
    &lt;a href=&#34;/img/sphere.jpg&#34; itemprop=&#34;contentUrl&#34;&gt;&lt;/a&gt;
  &lt;/figure&gt;
&lt;/div&gt;
  

&lt;div class=&#34;box&#34; &gt;
  &lt;figure  itemprop=&#34;associatedMedia&#34; itemscope itemtype=&#34;http://schema.org/ImageObject&#34;&gt;
    &lt;div class=&#34;img&#34; style=&#34;background-image: url(&#39;/img/triangle-thumb.jpg&#39;);&#34;&gt;
      &lt;img itemprop=&#34;thumbnail&#34; src=&#34;/img/triangle-thumb.jpg&#34; alt=&#34;This is a long comment about a triangle&#34;/&gt;
    &lt;/div&gt;
      &lt;figcaption&gt;
          &lt;p&gt;Triangle&lt;/p&gt;
      &lt;/figcaption&gt;
    &lt;a href=&#34;/img/triangle.jpg&#34; itemprop=&#34;contentUrl&#34;&gt;&lt;/a&gt;
  &lt;/figure&gt;
&lt;/div&gt;

&lt;/div&gt;

&lt;p&gt;&lt;/p&gt;</description>
    </item>
    
    <item>
      <title>Math Sample</title>
      <link>/post/2017-03-05-math-sample/</link>
      <pubDate>Sun, 05 Mar 2017 00:00:00 +0000</pubDate>
      <author>neftalyl@microbiostats.com (Carlos Neftaly)</author>
      <guid>/post/2017-03-05-math-sample/</guid>
      <description>&lt;p&gt;KaTeX can be used to generate complex math formulas server-side.&lt;/p&gt;

&lt;p&gt;$$
\phi = \frac{(1+\sqrt{5})}{2} = 1.6180339887\cdots
$$&lt;/p&gt;

&lt;p&gt;Additional details can be found on &lt;a href=&#34;https://github.com/Khan/KaTeX&#34;&gt;GitHub&lt;/a&gt; or on the &lt;a href=&#34;http://tiddlywiki.com/plugins/tiddlywiki/katex/&#34;&gt;Wiki&lt;/a&gt;.
&lt;/p&gt;</description>
    </item>
    
    <item>
      <title>Code Sample</title>
      <link>/post/2016-03-08-code-sample/</link>
      <pubDate>Tue, 08 Mar 2016 00:00:00 +0000</pubDate>
      <author>neftalyl@microbiostats.com (Carlos Neftaly)</author>
      <guid>/post/2016-03-08-code-sample/</guid>
      <description>&lt;p&gt;The following are two code samples using syntax highlighting.&lt;/p&gt;

&lt;p&gt;&lt;/p&gt;</description>
    </item>
    
  </channel>
</rss>