<?xml version="1.0" encoding="utf-8" standalone="yes" ?>
<rss version="2.0" xmlns:atom="http://www.w3.org/2005/Atom">
  <channel>
    <title>Markdown on R-para Microbios</title>
    <link>/tags/markdown/</link>
    <description>Recent content in Markdown on R-para Microbios</description>
    <generator>Hugo -- gohugo.io</generator>
    <managingEditor>neftalyl@microbiostats.com (Carlos Neftaly)</managingEditor>
    <webMaster>neftalyl@microbiostats.com (Carlos Neftaly)</webMaster>
    <lastBuildDate>Fri, 20 Feb 2015 00:00:00 +0000</lastBuildDate>
    
	<atom:link href="/tags/markdown/index.xml" rel="self" type="application/rss+xml" />
    
    
    <item>
      <title>Test markdown</title>
      <link>/post/2015-02-20-test-markdown/</link>
      <pubDate>Fri, 20 Feb 2015 00:00:00 +0000</pubDate>
      <author>neftalyl@microbiostats.com (Carlos Neftaly)</author>
      <guid>/post/2015-02-20-test-markdown/</guid>
      <description>You can write regular markdown here and Jekyll will automatically convert it to a nice webpage. I strongly encourage you to take 5 minutes to learn how to write in markdown - it&amp;rsquo;ll teach you how to transform regular text into bold/italics/headings/tables/etc.
Here is some bold text
Here is a secondary heading Here&amp;rsquo;s a useless table:
   Number Next number Previous number     Five Six Four   Ten Eleven Nine   Seven Eight Six   Two Three One    How about a yummy crepe?</description>
    </item>
    
  </channel>
</rss>